Title,Price,Rating,Availability
Sapiens: A Brief History of Humankind,54.23,5,In stock
Set Me Free,17.46,5,In stock
Scott Pilgrim's Precious Little Life (Scott Pilgrim #1),52.29,5,In stock
Rip it Up and Start Again,35.02,5,In stock
Chase Me (Paris Nights #2),25.27,5,In stock
Black Dust,34.53,5,In stock
Worlds Elsewhere: Journeys Around Shakespeareâs Globe,40.3,5,In stock
The Four Agreements: A Practical Guide to Personal Freedom,17.66,5,In stock
The Elephant Tree,23.82,5,In stock
Sophie's World,15.94,5,In stock
Private Paris (Private #10),47.61,5,In stock
#HigherSelfie: Wake Up Your Life. Free Your Soul. Find Your Tribe.,23.11,5,In stock
"We Love You, Charlie Freeman",50.27,5,In stock
Thirst,17.27,5,In stock
"The Inefficiency Assassin: Time Management Tactics for Working Smarter, Not Longer",20.59,5,In stock
The Activist's Tao Te Ching: Ancient Advice for a Modern Revolution,32.24,5,In stock
"Princess Jellyfish 2-in-1 Omnibus, Vol. 01 (Princess Jellyfish 2-in-1 Omnibus #1)",13.61,5,In stock
Princess Between Worlds (Wide-Awake Princess #5),13.34,5,In stock
Join,35.67,5,In stock
Immunity: How Elie Metchnikoff Changed the Course of Modern Medicine,57.36,5,In stock
Call the Nurse: True Stories of a Country Nurse on a Scottish Isle,29.14,5,In stock
"A Piece of Sky, a Grain of Rice: A Memoir in Four Meditations",56.76,5,In stock
A Flight of Arrows (The Pathfinders #2),55.53,5,In stock
(Un)Qualified: How God Uses Broken People to Do Big Things,54.0,5,In stock
The Third Wave: An Entrepreneurâs Vision of the Future,12.61,5,In stock
The Regional Office Is Under Attack!,51.36,5,In stock
The Nerdy Nummies Cookbook: Sweet Treats for the Geek in All of Us,37.34,5,In stock
The Artist's Way: A Spiritual Path to Higher Creativity,38.49,5,In stock
The Art of War,33.34,5,In stock
Scarlett Epstein Hates It Here,43.55,5,In stock
Redeeming Love,20.47,5,In stock
Mrs. Houdini,30.25,5,In stock
Modern Romance,28.26,5,In stock
Library of Souls (Miss Peregrineâs Peculiar Children #3),48.56,5,In stock
Frostbite (Vampire Academy #2),29.99,5,In stock
Finders Keepers (Bill Hodges Trilogy #2),53.53,5,In stock
Done Rubbed Out (Reightman & Bailey #1),37.72,5,In stock
Dark Notes,19.19,5,In stock
Batman: The Dark Knight Returns (Batman),15.38,5,In stock
Amatus,50.54,5,In stock
Agnostic: A Spirited Manifesto,12.51,5,In stock
You (You #1),43.61,5,In stock
Walt Disney's Alice in Wonderland,12.96,5,In stock
The White Queen (The Cousins' War #1),25.91,5,In stock
The Time Keeper,27.88,5,In stock
The Star-Touched Queen,46.02,5,In stock
The Songs of the Gods,44.48,5,In stock
The Song of Achilles,37.4,5,In stock
The Darkest Lie,35.35,5,In stock
Superman Vol. 1: Before Truth (Superman by Gene Luen Yang #1),11.89,5,In stock
Steve Jobs,39.5,5,In stock
Someone Like You (The Harrisons #2),52.79,5,In stock
"Quarter Life Poetry: Poems for the Young, Broke and Hangry",50.89,5,In stock
Old School (Diary of a Wimpy Kid #10),11.83,5,In stock
Made to Stick: Why Some Ideas Survive and Others Die,38.85,5,In stock
Looking for Lovely: Collecting the Moments that Matter,29.14,5,In stock
Let It Out: A Journey Through Journaling,26.79,5,In stock
Lady Midnight (The Dark Artifices #1),16.28,5,In stock
"Hyperbole and a Half: Unfortunate Situations, Flawed Coping Mechanisms, Mayhem, and Other Things That Happened",14.75,5,In stock
Greek Mythic History,10.23,5,In stock
God: The Most Unpleasant Character in All Fiction,30.03,5,In stock
El Deafo,57.62,5,In stock
"Eaternity: More than 150 Deliciously Easy Vegan Recipes for a Long, Healthy, Satisfied, Joyful Life",51.75,5,In stock
Demigods & Magicians: Percy and Annabeth Meet the Kanes (Percy Jackson & Kane Chronicles Crossover #1-3),37.51,5,In stock
Dear Mr. Knightley,11.21,5,In stock
Brain on Fire: My Month of Madness,49.32,5,In stock
Barefoot Contessa at Home: Everyday Recipes You'll Make Over and Over Again,50.62,5,In stock
All the Light We Cannot See,29.87,5,In stock
Abstract City,56.37,5,In stock
A Time of Torment (Charlie Parker #14),48.35,5,In stock
The Star-Touched Queen,32.3,5,In stock
The Silent Sister (Riley MacPherson #1),46.29,5,In stock
The Epidemic (The Program 0.6),14.44,5,In stock
Psycho: Sanitarium (Psycho #1.5),36.97,5,In stock
How to Speak Golf: An Illustrated Guide to Links Lingo,58.32,5,In stock
Everyday Italian: 125 Simple and Delicious Recipes,20.1,5,In stock
Eleanor & Park,56.51,5,In stock
"Mother, Can You Not?",16.89,5,In stock
Born for This: How to Find the Work You Were Meant to Do,21.59,5,In stock
Adultery,20.88,5,In stock
A Gentleman's Position (Society of Gentlemen #3),14.75,5,In stock
10-Day Green Smoothie Cleanse: Lose Up to 15 Pounds in 10 Days!,49.71,5,In stock
Without Shame,48.27,5,In stock
The New Brand You: Your New Image Makes the Sale for You,44.05,5,In stock
The Art and Science of Low Carbohydrate Living,52.98,5,In stock
Suzie Snowflake: One beautiful flake (a self-esteem story),54.81,5,In stock
The Unlikely Pilgrimage of Harold Fry (Harold Fry #1),43.62,5,In stock
Smarter Faster Better: The Secrets of Being Productive in Life and Business,38.89,5,In stock
Shadows of the Past (Logan Point #1),39.67,5,In stock
Roller Girl,14.1,5,In stock
Out of Print: City Lights Spotlight No. 14,53.64,5,In stock
My Life Next Door (My Life Next Door ),36.39,5,In stock
Les Fleurs du Mal,29.04,5,In stock
Kill 'Em and Leave: Searching for James Brown and the American Soul,45.05,5,In stock
Future Shock (Future Shock #1),55.65,5,In stock
"""Most Blessed of the Patriarchs"": Thomas Jefferson and the Empire of the Imagination",44.48,5,In stock
What Happened on Beale Street (Secrets of the South Mysteries #2),25.37,5,In stock
The Bachelor Girl's Guide to Murder (Herringford and Watts Mysteries #1),52.3,5,In stock
Team of Rivals: The Political Genius of Abraham Lincoln,20.12,5,In stock
"Naturally Lean: 125 Nourishing Gluten-Free, Plant-Based Recipes--All Under 300 Calories",11.38,5,In stock
Leave This Song Behind: Teen Poetry at Its Best,51.17,5,In stock
King's Folly (The Kinsman Chronicles #1),39.61,5,In stock
Good in Bed (Cannie Shapiro #1),37.05,5,In stock
Every Heart a Doorway (Every Heart A Doorway #1),12.16,5,In stock
Counted With the Stars (Out from Egypt #1),17.97,5,In stock
"At The Existentialist CafÃ©: Freedom, Being, and apricot cocktails with: Jean-Paul Sartre, Simone de Beauvoir, Albert Camus, Martin Heidegger, Edmund Husserl, Karl Jaspers, Maurice Merleau-Ponty and others",29.93,5,In stock
A Short History of Nearly Everything,52.4,5,In stock
The Sound Of Love,57.84,5,In stock
The Hobbit (Middle-Earth Universe),17.8,5,In stock
The Collected Poems of W.B. Yeats (The Collected Works of W.B. Yeats #1),15.42,5,In stock
The Barefoot Contessa Cookbook,59.92,5,In stock
How to Stop Worrying and Start Living,46.49,5,In stock
The Power Greens Cookbook: 140 Delicious Superfood Recipes,11.05,5,In stock
The Mathews Men: Seven Brothers and the War Against Hitler's U-boats,42.91,5,In stock
The False Prince (The Ascendance Trilogy #1),56.0,5,In stock
The Darkest Corners,11.33,5,In stock
Siddhartha,34.22,5,In stock
Shiver (The Wolves of Mercy Falls #1),16.23,5,In stock
Mexican Today: New and Rediscovered Recipes for Contemporary Kitchens,24.91,5,In stock
Kill the Boy Band,15.52,5,In stock
Isla and the Happily Ever After (Anna and the French Kiss #3),48.13,5,In stock
If I Stay (If I Stay #1),38.13,5,In stock
Dracula the Un-Dead,35.63,5,In stock
Digital Fortress,58.0,5,In stock
Booked,17.49,5,In stock
"Blue Lily, Lily Blue (The Raven Cycle #3)",34.13,5,In stock
Approval Junkie: Adventures in Caring Too Much,58.81,5,In stock
An Abundance of Katherines,10.0,5,In stock
The Passion of Dolssa,28.32,5,In stock
The Hunger Games (The Hunger Games #1),29.85,5,In stock
The Beast (Black Dagger Brotherhood #14),46.08,5,In stock
Some Women,13.73,5,In stock
Shopaholic Ties the Knot (Shopaholic #3),48.39,5,In stock
Paper and Fire (The Great Library #2),49.45,5,In stock
Outlander (Outlander #1),19.67,5,In stock
No One Here Gets Out Alive,20.02,5,In stock
Harry Potter and the Half-Blood Prince (Harry Potter #6),48.75,5,In stock
Atlas Shrugged,26.58,5,In stock
A New Earth: Awakening to Your Life's Purpose,55.65,5,In stock
When You Are Engulfed in Flames,30.89,5,In stock
Voyager (Outlander #3),21.07,5,In stock
The Silkworm (Cormoran Strike #2),23.05,5,In stock
"The Sandman, Vol. 3: Dream Country (The Sandman (volumes) #3)",55.55,5,In stock
The Red Tent,35.66,5,In stock
The Nanny Diaries (Nanny #1),52.53,5,In stock
The Lonely Ones,43.59,5,In stock
The Husband's Secret,52.51,5,In stock
"The Disappearing Spoon: And Other True Tales of Madness, Love, and the History of the World from the Periodic Table of the Elements",57.35,5,In stock
The Day the Crayons Came Home (Crayons),26.33,5,In stock
The Complete Poems,41.32,5,In stock
The Book of Basketball: The NBA According to The Sports Guy,44.84,5,In stock
The Blind Side: Evolution of a Game,53.71,5,In stock
Something Borrowed (Darcy & Rachel #1),48.96,5,In stock
"Saga, Volume 3 (Saga (Collected Editions) #3)",21.57,5,In stock
Life Without a Recipe,59.04,5,In stock
"Lamb: The Gospel According to Biff, Christ's Childhood Pal",55.5,5,In stock
Lady Renegades (Rebel Belle #3),53.04,5,In stock
Into the Wild,56.7,5,In stock
Inferno (Robert Langdon #4),41.0,5,In stock
Gratitude,26.66,5,In stock
Gone Girl,37.6,5,In stock
Fifty Shades Freed (Fifty Shades #3),15.36,5,In stock
Disrupted: My Misadventure in the Start-Up Bubble,15.28,5,In stock
Dead Wake: The Last Crossing of the Lusitania,39.24,5,In stock
Dark Places,23.9,5,In stock
Crazy Rich Asians (Crazy Rich Asians #1),49.13,5,In stock
Breaking Dawn (Twilight #4),35.28,5,In stock
Brave Enough,51.32,5,In stock
Blink: The Power of Thinking Without Thinking,21.74,5,In stock
Between Shades of Gray,20.79,5,In stock
Beautiful Creatures (Caster Chronicles #1),21.55,5,In stock
Annie on My Mind,36.83,5,In stock
A Visit from the Goon Squad,14.08,5,In stock
A Heartbreaking Work of Staggering Genius,54.29,5,In stock
Life,31.58,5,In stock
H is for Hawk,57.42,5,In stock
"Fruits Basket, Vol. 2 (Fruits Basket #2)",11.64,5,In stock
While You Were Mine,41.32,5,In stock
Ways of Seeing,39.51,5,In stock
Travels with Charley: In Search of America,57.82,5,In stock
The Zombie Room,19.69,5,In stock
The Tumor,41.56,5,In stock
The Silent Wife,12.34,5,In stock
The Hook Up (Game On #1),36.29,5,In stock
The Haters,27.89,5,In stock
The Girl You Lost,12.29,5,In stock
"Rat Queens, Vol. 1: Sass & Sorcery (Rat Queens (Collected Editions) #1-5)",46.96,5,In stock
Off Sides (Off #1),39.45,5,In stock
Kitchens of the Great Midwest,57.2,5,In stock
Jane Eyre,38.43,5,In stock
"Fruits Basket, Vol. 1 (Fruits Basket #1)",40.28,5,In stock
Deep Under (Walker Security #1),47.09,5,In stock
Bright Lines,39.07,5,In stock
"Bleach, Vol. 1: Strawberry and the Soul Reapers (Bleach #1)",34.65,5,In stock
A Spy's Devotion (The Regency Spies of London #1),16.97,5,In stock
"1,000 Places to See Before You Die",26.08,5,In stock
